City_ID,City,Country,Lat,Lng,Max Temp,Humidity,Cloudiness,Wind Speed,Current Description
0,Jamestown,US,42.097,-79.2353,22.32,62,100,3.0,mist
1,Ushuaia,AR,-54.8,-68.3,53.26,54,0,17.27,clear sky
2,Rikitea,PF,-23.1203,-134.9692,78.44,71,12,7.72,light rain
3,Byron Bay,AU,-28.65,153.6167,71.87,64,99,21.41,overcast clouds
4,Severo-Kurilsk,RU,50.6789,156.125,28.98,94,100,6.17,light snow
5,Chokurdakh,RU,70.6333,147.9167,-31.23,100,51,2.39,broken clouds
6,Puerto Ayora,EC,-0.7393,-90.3518,82.36,88,82,5.99,broken clouds
7,Laguna,US,38.421,-121.4238,67.66,41,0,1.99,clear sky
8,Mitsamiouli,KM,-11.3847,43.2844,81.41,82,95,12.97,light rain
9,Gdov,RU,58.7406,27.8122,18.91,85,90,17.9,overcast clouds
10,Oktyabrskoye,RU,43.0645,44.7417,30.34,100,100,11.18,snow
11,Albany,US,42.6001,-73.9662,22.68,87,100,6.49,snow
12,Port Elizabeth,ZA,-33.918,25.5701,66.49,77,75,2.3,broken clouds
13,Tucumcari,US,35.1717,-103.725,39.04,30,0,0.0,clear sky
14,Hithadhoo,MV,-0.6,73.0833,81.54,74,80,11.81,broken clouds
15,Bilma,NE,18.6853,12.9164,58.68,21,3,6.64,clear sky
16,Bitkine,TD,11.9801,18.2138,68.77,14,1,8.59,clear sky
17,Bredasdorp,ZA,-34.5322,20.0403,65.52,63,13,10.36,few clouds
18,Thompson,CA,55.7435,-97.8558,-9.24,59,20,8.05,few clouds
19,Lata,PT,40.1629,-8.3327,50.05,96,99,1.9,overcast clouds
20,Upernavik,GL,72.7868,-56.1549,-3.08,100,93,9.84,overcast clouds
21,Dagda,LV,56.0951,27.5372,18.1,91,91,11.48,overcast clouds
22,Qaanaaq,GL,77.484,-69.3632,-2.02,69,100,8.01,overcast clouds
23,Marawi,PH,7.9986,124.2928,63.64,93,100,1.95,overcast clouds
24,Mataura,NZ,-46.1927,168.8643,56.48,68,93,2.68,overcast clouds
25,Morondava,MG,-20.2833,44.2833,81.66,70,44,11.16,scattered clouds
26,Broken Hill,AU,-31.95,141.4333,68.97,47,96,18.77,overcast clouds
27,Omsukchan,RU,62.5333,155.8,-19.93,76,5,7.78,clear sky
28,Samarai,PG,-10.6167,150.6667,82.69,77,85,8.68,overcast clouds
29,Kodiak,US,57.79,-152.4072,36.91,75,100,4.61,overcast clouds
30,Punta Arenas,CL,-53.15,-70.9167,57.22,62,0,8.05,clear sky
31,Hambantota,LK,6.1241,81.1185,73.49,83,7,6.93,clear sky
32,Cape Town,ZA,-33.9258,18.4232,65.88,63,0,5.99,clear sky
33,San Patricio,US,28.017,-97.5169,46.81,48,69,18.63,broken clouds
34,Chuy,UY,-33.6971,-53.4616,73.67,87,15,8.57,few clouds
35,New Norfolk,AU,-42.7826,147.0587,63.66,73,39,0.18,scattered clouds
36,Nikolskoye,RU,59.7035,30.7861,19.29,92,80,10.76,broken clouds
37,Boa Vista,BR,2.8197,-60.6733,87.78,48,40,10.36,scattered clouds
38,Avarua,CK,-21.2078,-159.775,84.25,70,20,17.27,few clouds
39,Saskylakh,RU,71.9167,114.0833,-6.32,99,100,5.64,light snow
40,Pisco,PE,-13.7,-76.2167,73.45,68,0,24.16,clear sky
41,Bokoro,TD,12.3807,17.0568,68.29,14,1,14.61,clear sky
42,Yar-Sale,RU,66.8333,70.8333,5.79,96,100,5.53,overcast clouds
43,Udachnyy,RU,66.4167,112.4,-30.66,100,72,3.69,broken clouds
44,Vaini,TO,-21.2,-175.2,79.18,86,100,22.08,moderate rain
45,Mehamn,NO,71.0357,27.8492,19.58,86,100,31.99,light snow
46,Saint-Georges,GD,12.0564,-61.7485,80.28,74,20,11.5,few clouds
47,Lebu,CL,-37.6167,-73.65,61.5,79,1,18.21,clear sky
48,Hervey Bay,AU,-25.2986,152.8535,77.04,69,60,14.0,broken clouds
49,Busselton,AU,-33.65,115.3333,69.13,49,0,3.53,clear sky
50,Bambous Virieux,MU,-20.3428,57.7575,79.21,89,75,16.11,light rain
51,Hobart,AU,-42.8794,147.3294,64.26,83,75,8.05,broken clouds
52,Kapaa,US,22.0752,-159.319,79.12,71,0,1.01,clear sky
53,Barrow,US,71.2906,-156.7887,-25.58,75,100,9.22,haze
54,Iroquois Falls,CA,48.7669,-80.6831,-2.06,89,100,0.98,overcast clouds
55,Butaritari,KI,3.0707,172.7902,82.51,75,19,19.28,light rain
56,Longyan,CN,25.1072,117.0225,44.37,94,100,3.2,overcast clouds
57,Atuona,PF,-9.8,-139.0333,78.76,77,25,17.27,light rain
58,Ponta Do Sol,PT,32.6667,-17.1,65.71,66,100,1.21,overcast clouds
59,Camopi,GF,3.1655,-52.3158,73.42,96,60,3.09,broken clouds
60,Hasaki,JP,35.7333,140.8333,36.0,35,55,26.71,broken clouds
61,Bar Harbor,US,44.3876,-68.2039,21.97,86,100,5.99,light snow
62,Kharagauli,GE,42.0214,43.1977,30.56,98,100,8.72,snow
63,San Andres,CO,12.5847,-81.7006,84.22,65,20,12.66,few clouds
64,Maniitsoq,GL,65.4167,-52.9,7.14,71,100,16.87,overcast clouds
65,Jumla,NP,29.2747,82.1838,19.26,90,97,6.51,overcast clouds
66,La Ronge,CA,55.1001,-105.2842,-10.95,70,100,8.05,overcast clouds
67,Hilo,US,19.7297,-155.09,80.8,79,100,5.75,overcast clouds
68,Port Lincoln,AU,-34.7333,135.8667,66.83,77,87,13.56,overcast clouds
69,Kavieng,PG,-2.5744,150.7967,82.65,72,88,6.17,overcast clouds
70,Lorengau,PG,-2.0226,147.2712,82.09,70,83,6.2,broken clouds
71,Khatanga,RU,71.9667,102.5,-36.74,100,67,3.13,broken clouds
72,Khandbari,NP,27.3747,87.2039,46.9,88,100,1.16,overcast clouds
73,Turka,UA,49.1541,23.0297,31.8,95,100,6.69,overcast clouds
74,Hermanus,ZA,-34.4187,19.2345,63.81,67,0,19.24,clear sky
75,Puerto Leguizamo,CO,-0.1934,-74.7819,84.42,64,100,0.49,overcast clouds
76,Palana,RU,59.1167,159.9667,6.31,86,99,9.35,overcast clouds
77,Kant,IN,27.8,79.8,48.25,94,0,6.11,clear sky
78,Ancud,CL,-41.8697,-73.8203,66.22,71,88,7.65,overcast clouds
79,Lipin Bor,RU,60.2622,37.9763,-7.74,100,93,4.07,overcast clouds
80,Buala,SB,-8.145,159.5921,83.14,81,100,8.68,light rain
81,Kupang,ID,-10.1667,123.5833,79.0,85,100,9.75,overcast clouds
82,Nemuro,JP,43.3236,145.575,21.88,71,24,13.31,few clouds
83,Moree,AU,-29.4667,149.85,69.82,43,0,18.41,clear sky
84,Airai,TL,-8.9266,125.4092,60.4,86,90,1.7,overcast clouds
85,Sobreira,PT,41.5237,-7.8023,47.01,88,84,3.13,broken clouds
86,Koumac,NC,-20.5667,164.2833,82.38,81,100,9.24,moderate rain
87,Wilmington,US,34.2257,-77.9447,72.99,75,0,19.57,clear sky
88,Praia Da Vitoria,PT,38.7333,-27.0667,57.76,94,40,11.95,scattered clouds
89,Kruisfontein,ZA,-34.0033,24.7314,63.88,71,100,6.26,overcast clouds
90,Nogent-Le-Rotrou,FR,48.3333,1.0,33.03,90,7,7.29,clear sky
91,Elat,IL,29.5581,34.9482,58.84,47,75,0.0,broken clouds
92,Varzea Grande,BR,-15.6467,-56.1325,85.87,62,20,10.36,few clouds
93,Huarmey,PE,-10.0681,-78.1522,74.77,74,13,11.23,few clouds
94,Salinas,US,36.6777,-121.6555,69.89,33,0,0.0,clear sky
95,Bagamoyo,TZ,-6.4333,38.9,76.87,91,99,2.98,moderate rain
96,Provideniya,RU,64.3833,-173.3,2.05,61,0,14.07,clear sky
97,Arraial Do Cabo,BR,-22.9661,-42.0278,76.96,94,40,11.5,scattered clouds
98,Guerrero Negro,MX,27.9769,-114.0611,66.9,18,0,5.84,clear sky
99,Tiksi,RU,71.6872,128.8694,-20.42,98,100,7.43,overcast clouds
100,Karratha,AU,-20.7377,116.8463,84.04,69,98,9.08,overcast clouds
101,Altenstadt,DE,50.2833,8.95,41.45,80,97,14.94,overcast clouds
102,Takoradi,GH,4.8845,-1.7554,80.38,82,51,5.53,broken clouds
103,Teya,RU,60.3778,92.6267,17.33,89,100,9.22,overcast clouds
104,Luderitz,NA,-26.6481,15.1594,67.12,75,15,8.5,few clouds
105,Kodinsk,RU,58.6881,99.1844,7.12,97,100,4.7,overcast clouds
106,Namibe,AO,-15.1961,12.1522,72.75,73,98,8.23,overcast clouds
107,Saldanha,ZA,-33.0117,17.9442,63.72,71,0,16.82,clear sky
108,Nara,JP,34.6851,135.8049,38.48,62,32,14.27,scattered clouds
109,Saint-Philippe,RE,-21.3585,55.7679,80.15,86,100,25.61,moderate rain
110,Khartoum,SD,15.5518,32.5324,64.02,25,5,1.99,clear sky
111,Yulara,AU,-25.2406,130.9889,66.04,55,0,9.22,clear sky
112,Krasnoselkup,RU,65.7,82.4667,15.35,96,100,6.64,light snow
113,Teguise,ES,29.0605,-13.564,64.62,52,0,5.75,clear sky
114,Talnakh,RU,69.4865,88.3972,-0.8,96,99,6.58,overcast clouds
115,Dalbandin,PK,28.8947,64.4101,50.74,21,0,3.74,clear sky
116,Ler,SS,8.3018,30.1418,81.52,18,96,9.15,overcast clouds
117,Bluff,NZ,-46.6,168.3333,56.8,59,93,5.95,overcast clouds
118,Olafsvik,IS,64.8945,-23.7142,27.55,71,100,24.38,overcast clouds
119,Ribeira Grande,PT,38.5167,-28.7,59.38,82,84,15.21,broken clouds
120,Castro,BR,-24.7911,-50.0119,67.59,94,99,6.42,overcast clouds
121,Narsaq,GL,60.9167,-46.05,5.22,65,13,13.73,few clouds
122,Codrington,AU,-38.2667,141.9667,63.12,68,91,13.53,overcast clouds
123,Salalah,OM,17.0151,54.0924,71.69,68,20,1.14,few clouds
124,Bethel,US,41.3712,-73.414,34.16,88,100,5.75,light rain
125,Bandipur,NP,27.9333,84.4167,42.67,96,100,1.05,overcast clouds
126,Foumban,CM,5.7291,10.9001,69.39,29,92,2.28,overcast clouds
127,Port-Cartier,CA,50.0334,-66.8654,1.74,90,28,3.31,scattered clouds
128,Avera,US,33.194,-82.5271,62.11,89,100,11.45,light rain
129,Kudahuvadhoo,MV,2.6708,72.8944,81.34,74,71,8.16,broken clouds
130,Cap Malheureux,MU,-19.9842,57.6142,79.47,83,100,8.01,overcast clouds
131,Dikson,RU,73.5069,80.5464,-4.45,95,100,6.35,overcast clouds
132,Miracema Do Tocantins,BR,-9.5618,-48.3967,80.62,77,78,2.37,broken clouds
133,Krasnaya Polyana,RU,56.242,51.1442,27.45,97,100,5.23,snow
134,Banda Aceh,ID,5.5577,95.3222,77.97,80,92,7.45,overcast clouds
135,Skibbereen,IE,51.55,-9.2667,45.1,71,10,8.72,clear sky
136,Piotrkow Trybunalski,PL,51.4055,19.7032,40.75,84,100,14.81,overcast clouds
137,Petropavlovsk-Kamchatskiy,RU,53.0452,158.6483,23.59,63,75,6.71,broken clouds
138,Sarh,TD,9.1429,18.3923,76.37,15,14,6.15,few clouds
139,Parrita,CR,9.5201,-84.3225,92.97,68,13,6.51,few clouds
140,Vardo,NO,70.3705,31.1107,19.6,76,100,28.9,overcast clouds
141,Antsohihy,MG,-14.8796,47.9875,72.27,98,100,4.29,moderate rain
142,Atambua,ID,-9.1061,124.8925,73.42,91,87,0.63,overcast clouds
143,Husavik,IS,66.0449,-17.3389,17.51,91,100,7.38,light snow
144,Jizan,SA,17.3333,42.6667,77.94,74,5,6.44,clear sky
145,Heihe,CN,50.2441,127.4902,-3.42,95,35,6.35,scattered clouds
146,Saint-Augustin,CA,51.226,-58.6502,-0.81,84,100,7.16,overcast clouds
147,Leh,IN,34.1667,77.5833,-4.31,92,100,4.27,overcast clouds
148,Pointe Michel,DM,15.25,-61.3833,77.29,69,1,7.99,clear sky
149,Tuktoyaktuk,CA,69.4541,-133.0374,-23.8,76,0,18.41,clear sky
150,Clyde River,CA,70.4692,-68.5914,-7.37,77,100,11.5,mist
151,Humboldt,US,40.6665,-123.9178,52.59,40,94,4.25,overcast clouds
152,Cherskiy,RU,68.75,161.3,-34.8,98,13,3.98,few clouds
153,Faanui,PF,-16.4833,-151.75,80.62,75,26,14.32,scattered clouds
154,Touros,BR,-5.1989,-35.4608,81.5,71,15,13.35,few clouds
155,Agadez,NE,19.75,10.25,56.41,23,0,8.61,clear sky
156,Nabire,ID,-3.3667,135.4833,76.75,90,100,1.12,overcast clouds
157,Sobolevo,RU,54.4299,31.8996,-2.4,100,100,4.03,overcast clouds
158,Grand Gaube,MU,-20.0064,57.6608,79.38,83,100,8.01,overcast clouds
159,Poum,NC,-20.2333,164.0167,81.41,83,100,19.84,overcast clouds
160,Ahipara,NZ,-35.1667,173.1667,76.19,74,94,14.32,overcast clouds
161,Felanitx,ES,39.4696,3.1483,55.96,89,99,6.76,overcast clouds
162,Torbay,CA,47.6666,-52.7314,32.76,96,100,12.66,mist
163,Metro,ID,-5.1131,105.3067,73.04,98,100,4.43,overcast clouds
164,Mezinovskiy,RU,55.5042,40.3593,7.65,96,51,6.4,broken clouds
165,Matay,EG,28.419,30.7792,55.89,51,98,11.9,overcast clouds
166,Morant Bay,JM,17.8815,-76.4093,82.02,76,20,12.86,few clouds
167,Dunhua,CN,43.3725,128.2425,-3.75,90,54,7.83,broken clouds
168,Port Alfred,ZA,-33.5906,26.891,68.54,79,100,6.64,light rain
169,Eyrarbakki,IS,63.863,-21.1481,24.85,74,100,17.22,overcast clouds
170,Prince Rupert,CA,54.3161,-130.3201,41.09,93,100,17.27,moderate rain
171,Tucuman,AR,-26.8241,-65.2226,66.2,100,100,8.05,overcast clouds
172,Comodoro Rivadavia,AR,-45.8667,-67.5,60.66,55,20,8.05,few clouds
173,Marsh Harbour,BS,26.5412,-77.0636,74.57,62,75,10.94,broken clouds
174,Kaoma,ZM,-14.7833,24.8,63.68,96,100,3.91,overcast clouds
175,Oksfjord,NO,70.2396,22.3479,16.72,91,100,16.13,light snow
176,Arlit,NE,18.7369,7.3853,59.4,19,0,6.82,clear sky
177,Cidreira,BR,-30.1811,-50.2056,72.09,95,100,2.86,overcast clouds
178,Kaitangata,NZ,-46.2817,169.8464,58.93,53,82,5.91,broken clouds
179,Puerto Escondido,MX,15.85,-97.0667,85.03,70,0,9.22,clear sky
180,Souillac,MU,-20.5167,57.5167,79.36,89,75,16.11,light rain
181,Praya,CV,14.9215,-23.5087,72.14,68,0,17.27,clear sky
182,Ilulissat,GL,69.2167,-51.1,12.22,79,75,19.57,light shower snow
183,Pevek,RU,69.7008,170.3133,-23.17,100,87,6.26,overcast clouds
184,Mayo,US,38.8876,-76.5119,40.33,92,100,4.0,light rain
185,East London,ZA,-33.0153,27.9116,68.83,84,100,8.1,light rain
186,Ostrovnoy,RU,68.0531,39.5131,8.08,91,100,15.66,overcast clouds
187,Rocha,UY,-34.4833,-54.3333,71.71,82,25,8.1,scattered clouds
188,Matamoros,MX,25.5333,-103.25,50.11,53,75,9.22,broken clouds
189,Bejar,ES,40.3864,-5.7634,44.58,85,100,5.88,overcast clouds
190,Kloulklubed,PW,7.0419,134.2556,81.59,81,30,14.34,scattered clouds
191,Harper,LR,4.375,-7.7169,79.99,80,33,7.14,scattered clouds
192,Kirksville,US,40.1948,-92.5833,29.05,51,20,4.0,few clouds
193,Eureka,US,40.8021,-124.1637,56.19,78,98,8.01,overcast clouds
194,Aklavik,CA,68.2191,-135.0107,-17.57,75,0,11.5,clear sky
195,Safaga,EG,26.7292,33.9365,58.95,47,3,6.6,clear sky
196,Carnarvon,AU,-24.8667,113.6333,83.23,42,75,10.87,broken clouds
197,Hadsund,DK,56.7148,10.1168,37.89,76,79,15.43,light rain
198,Altay,CN,47.8667,88.1167,6.3,54,0,8.9,clear sky
199,Ignacio Zaragoza,MX,28.3833,-107.2167,42.75,33,1,15.21,clear sky
200,Yeppoon,AU,-23.1333,150.7333,76.78,70,98,19.15,overcast clouds
201,Vila Velha,BR,-20.3297,-40.2925,78.94,85,75,1.99,broken clouds
202,Manaus,BR,-3.1019,-60.025,77.49,94,75,2.3,light rain
203,Vila Franca Do Campo,PT,37.7167,-25.4333,61.2,77,100,10.36,overcast clouds
204,Tessalit,ML,20.1986,1.0114,62.1,13,0,10.74,clear sky
205,Cedar City,US,37.6775,-113.0619,39.4,32,0,0.0,clear sky
206,Mar Del Plata,AR,-38.0023,-57.5575,70.09,86,75,1.01,moderate rain
207,Dicabisagan,PH,17.0818,122.4157,73.92,86,92,9.44,overcast clouds
208,Norman Wells,CA,65.282,-126.8329,-16.56,63,75,19.57,broken clouds
209,Abha,SA,18.2164,42.5053,57.02,82,0,16.11,clear sky
210,Te Anau,NZ,-45.4167,167.7167,52.48,62,27,4.65,scattered clouds
211,Pandan,PH,14.0453,124.1694,75.54,88,100,13.38,overcast clouds
212,Bom Jesus,BR,-9.0744,-44.3586,79.79,57,76,1.12,broken clouds
213,Bukene,TZ,-4.2333,32.8833,61.86,97,99,7.27,overcast clouds
214,Saint George,US,37.1041,-113.5841,52.43,21,0,5.75,clear sky
215,Polyarnyy,RU,69.1989,33.4478,10.87,82,100,13.22,overcast clouds
216,Princeton,US,25.5384,-80.4089,79.02,73,0,6.91,clear sky
217,Asau,RO,46.4333,26.4,32.4,79,29,5.77,scattered clouds
218,Iqaluit,CA,63.7506,-68.5145,-16.87,52,75,4.61,broken clouds
219,Baykit,RU,61.67,96.37,10.65,97,100,3.62,light snow
220,Bengkulu,ID,-3.8004,102.2655,73.02,95,100,5.17,overcast clouds
221,Yellowknife,CA,62.456,-114.3525,-22.72,75,40,3.44,scattered clouds
222,Lagoa,PT,39.05,-27.9833,57.92,83,72,16.89,broken clouds
223,Pangnirtung,CA,66.1451,-65.7125,-18.4,69,75,6.91,broken clouds
224,Pizarro,CO,4.9533,-77.366,80.37,81,78,6.91,light rain
225,Bathsheba,BB,13.2167,-59.5167,79.41,69,40,12.66,scattered clouds
226,Quelimane,MZ,-17.8786,36.8883,74.03,87,49,1.99,scattered clouds
227,Guanica,PR,17.9716,-66.908,78.15,81,23,1.01,few clouds
228,Kandrian,PG,-6.2167,149.55,83.16,75,92,14.63,overcast clouds
229,Mecca,SA,21.4267,39.8261,60.64,57,50,15.55,scattered clouds
230,Zaragoza,ES,41.6561,-0.8773,52.81,66,20,8.99,few clouds
231,Manta,EC,-0.95,-80.7333,82.18,74,40,4.61,scattered clouds
232,Nome,US,64.5011,-165.4064,6.87,56,0,10.36,clear sky
233,Alofi,NU,-19.0595,-169.9187,82.29,78,100,9.22,overcast clouds
234,Caravelas,BR,-17.7125,-39.2481,77.0,88,100,7.23,overcast clouds
235,Grindavik,IS,63.8424,-22.4338,27.07,74,100,12.66,overcast clouds
236,Warrington,GB,53.3925,-2.5802,42.46,81,40,5.99,scattered clouds
237,Lovington,US,32.944,-103.3485,40.32,25,0,1.99,clear sky
238,Woodstock,CA,43.1334,-80.7497,17.65,78,99,8.34,overcast clouds
239,Marietta,US,33.9526,-84.5499,43.61,91,100,12.66,overcast clouds
240,Iralaya,HN,15.0,-83.2333,80.42,71,6,8.68,clear sky
241,Madang,PG,-5.2246,145.7966,78.58,89,98,6.58,heavy intensity rain
242,Namikupa,TZ,-10.8333,39.6,70.75,97,63,4.41,moderate rain
243,Colares,PT,38.7992,-9.4469,55.33,69,100,1.01,overcast clouds
244,Ambovombe,MG,-25.1667,46.0833,75.24,89,23,18.37,few clouds
245,Bisert,RU,56.8617,59.0523,25.45,95,100,3.24,overcast clouds
246,Preobrazheniye,RU,42.9019,133.9064,7.05,65,45,8.72,scattered clouds
247,Arrifes,PT,37.7667,-25.7,59.23,72,20,8.05,few clouds
248,Sinor,IN,21.9167,73.3333,60.91,25,3,2.93,clear sky
249,Yerbogachen,RU,61.2767,108.0108,-22.04,100,98,3.0,overcast clouds
250,Kragero,NO,58.8693,9.4149,33.46,71,1,19.15,clear sky
251,Klaksvik,FO,62.2266,-6.589,36.52,54,94,36.33,overcast clouds
252,Kashi,CN,39.4547,75.9797,24.01,54,20,6.71,few clouds
253,Sambava,MG,-14.2667,50.1667,77.45,83,100,3.96,overcast clouds
254,Raikot,IN,30.65,75.6,43.63,92,0,3.38,clear sky
255,Cockburn Town,TC,21.4612,-71.1419,75.94,74,0,15.46,clear sky
256,Coahuayana,MX,18.7333,-103.6833,90.88,38,0,6.15,clear sky
257,Moratuwa,LK,6.773,79.8816,77.02,80,14,4.18,few clouds
258,Kailua,US,21.4022,-157.7394,81.14,63,0,8.05,clear sky
259,La Peca,PE,-5.6111,-78.435,83.71,51,52,5.77,broken clouds
260,Abu Dhabi,AE,24.4667,54.3667,66.96,86,6,4.61,clear sky
261,San Miguel Ixtahuacan,GT,15.25,-91.75,66.54,53,32,8.77,scattered clouds
262,San Fernando,PH,15.0286,120.6898,77.14,79,29,5.64,scattered clouds
263,Lompoc,US,34.6391,-120.4579,71.69,34,0,9.22,clear sky
264,Qasigiannguit,GL,68.8193,-51.1922,12.45,84,100,9.48,overcast clouds
265,Havoysund,NO,70.9963,24.6622,16.68,87,100,35.41,light snow
266,Carbonia,IT,39.1672,8.5222,52.45,92,8,7.38,clear sky
267,Road Town,VG,18.4167,-64.6167,73.49,88,20,13.8,few clouds
268,Lensk,RU,60.7253,114.9278,6.58,92,99,8.66,overcast clouds
269,Constitucion,CL,-35.3333,-72.4167,66.11,73,19,17.67,few clouds
270,Uglovka,RU,58.2392,33.5108,1.54,100,100,6.15,overcast clouds
271,Wah,PK,33.798,72.6957,47.01,63,0,3.69,clear sky
272,Grafton,US,42.207,-71.6856,28.67,94,100,11.5,light snow
273,Vikulovo,RU,56.8167,70.6107,19.78,87,100,9.66,overcast clouds
274,Gamboma,CG,-1.8764,15.8644,76.05,76,100,3.44,overcast clouds
275,Blagoyevo,RU,63.3667,47.9167,-8.34,100,86,2.01,overcast clouds
276,Mabaruma,GY,8.2,-59.7833,76.39,78,9,5.26,clear sky
277,Moron,AR,-34.6534,-58.6198,77.97,82,100,0.58,overcast clouds
278,Balakhta,RU,55.38,91.6,2.73,93,100,0.76,overcast clouds
279,Ampanihy,MG,-24.7,44.75,72.23,89,42,11.88,scattered clouds
280,Magdagachi,RU,53.45,125.8,1.18,75,100,5.79,overcast clouds
281,Meulaboh,ID,4.1363,96.1285,75.47,87,100,4.21,overcast clouds
282,Victoria,HK,22.2855,114.1577,58.24,80,98,3.0,overcast clouds
283,Weinan,CN,34.5036,109.5089,35.29,44,80,4.65,broken clouds
284,Berlevag,NO,70.8578,29.0864,21.83,82,100,31.0,overcast clouds
285,Santa Rosa,PH,14.3122,121.1114,77.11,78,89,12.5,overcast clouds
286,Kahului,US,20.8947,-156.47,85.26,67,20,11.5,few clouds
287,Coihueco,CL,-36.6167,-71.8333,81.34,30,11,11.5,few clouds
288,Pacific Grove,US,36.6177,-121.9166,69.48,41,0,5.01,clear sky
289,Mercedes,AR,-34.6515,-59.4307,76.17,81,100,8.3,overcast clouds
290,Inhambane,MZ,-23.865,35.3833,79.21,62,66,13.67,broken clouds
291,Winslow,US,35.0242,-110.6974,42.96,17,0,1.01,clear sky
292,Talcahuano,CL,-36.7167,-73.1167,64.56,70,1,20.33,clear sky
293,Bonthe,SL,7.5264,-12.505,77.41,83,47,7.2,scattered clouds
294,Sao Filipe,CV,14.8961,-24.4956,73.53,73,0,8.88,clear sky
295,Bure,ET,10.7,37.0667,63.32,39,86,6.35,overcast clouds
296,Taoudenni,ML,22.6783,-3.9836,68.83,11,77,10.07,broken clouds
297,Tual,ID,-5.6667,132.75,83.73,76,100,16.35,overcast clouds
298,Tura,IN,25.5198,90.2201,51.21,97,71,3.71,broken clouds
299,Nanortalik,GL,60.1432,-45.2371,10.94,73,100,41.05,overcast clouds
300,Adrar,MR,20.5022,-10.0711,67.68,10,33,9.22,scattered clouds
301,Usvyaty,RU,55.7456,30.7533,5.61,100,99,5.61,overcast clouds
302,The Valley,AI,18.217,-63.0578,73.26,94,20,9.22,few clouds
303,Jalingo,NG,8.8833,11.3667,74.05,22,0,4.68,clear sky
304,Ko Samui,TH,9.5357,99.9357,82.06,70,19,16.37,light rain
305,Fortuna,US,40.5982,-124.1573,61.41,78,0,1.99,clear sky
306,San Ramon,US,37.7799,-121.978,66.4,46,0,1.01,clear sky
307,Mount Gambier,AU,-37.8333,140.7667,61.34,69,99,9.8,overcast clouds
308,Suntar,RU,62.1444,117.6319,-10.73,99,98,1.19,overcast clouds
309,Esperance,AU,-33.8667,121.9,62.44,77,1,14.0,clear sky
310,Mandalgovi,MN,45.7625,106.2708,3.43,79,11,8.23,few clouds
311,Inndyr,NO,67.0338,14.0276,23.04,74,39,17.16,scattered clouds
312,Mogadishu,SO,2.0371,45.3438,76.46,86,35,17.94,scattered clouds
313,Nizwa,OM,22.9333,57.5333,66.38,34,9,0.74,clear sky
314,Seoul,KR,37.5683,126.9778,18.84,49,0,5.75,clear sky
315,Alice Springs,AU,-23.7,133.8833,60.35,88,2,0.0,clear sky
316,Broome,US,42.2506,-75.833,20.62,75,40,1.99,scattered clouds
317,Hollola,FI,61.05,25.4333,20.01,93,100,14.88,light snow
318,Matara,LK,5.9485,80.5353,73.18,89,50,5.84,scattered clouds
319,Walvis Bay,NA,-22.9575,14.5053,67.15,82,60,4.61,broken clouds
320,Bubaque,GW,11.2833,-15.8333,78.17,74,4,13.98,clear sky
321,Georgetown,MY,5.4112,100.3354,78.89,92,40,2.3,scattered clouds
322,Chifeng,CN,42.2683,118.9636,4.69,60,0,8.43,clear sky
323,Bria,CF,6.5423,21.9863,77.07,22,100,2.93,overcast clouds
324,Mangrol,IN,21.1167,70.1167,64.31,61,2,2.01,clear sky
325,Diamantino,BR,-14.4086,-56.4461,78.87,81,75,3.71,broken clouds
326,Mildura,AU,-34.2,142.15,72.07,46,89,9.22,overcast clouds
327,Urusha,RU,54.05,122.9,-0.51,84,100,4.34,overcast clouds
328,Dir,PK,35.2058,71.8756,30.94,36,0,8.55,clear sky
329,Ammon,US,43.4696,-111.9666,20.95,77,100,3.0,overcast clouds
330,Shwebo,MM,22.5667,95.7,59.83,56,0,4.0,clear sky
331,Huntsville,US,34.7304,-86.5861,33.93,88,100,7.0,overcast clouds
332,Gautier,US,30.3858,-88.6117,41.09,91,100,13.47,light rain
333,Shubarkuduk,KZ,49.1447,56.4872,27.82,83,100,18.14,overcast clouds
334,San Cristobal,VE,7.7669,-72.225,77.18,79,84,2.82,broken clouds
335,Visnes,NO,59.3556,5.2242,38.21,87,75,17.27,broken clouds
336,Aksha,RU,50.2814,113.2867,2.46,84,19,8.7,few clouds
337,Northam,GB,51.0333,-4.2167,44.62,74,56,17.52,broken clouds
338,Nelson Bay,AU,-32.7167,152.15,73.0,73,85,3.0,overcast clouds
339,Maheshwar,IN,22.1833,75.5833,60.85,28,1,1.14,clear sky
340,Ngawi,ID,-7.4038,111.4461,74.05,90,72,1.86,broken clouds
341,Cabo San Lucas,MX,22.8909,-109.9124,74.61,55,0,4.0,clear sky
342,Tasiilaq,GL,65.6145,-37.6368,24.96,68,100,38.79,overcast clouds
343,Abashiri,JP,44.0213,144.2697,12.94,88,24,7.31,few clouds
344,Los Amates,GT,15.2667,-89.1,94.19,59,64,3.91,broken clouds
345,Tuatapere,NZ,-46.1333,167.6833,56.82,64,98,2.48,overcast clouds
346,Haimen,CN,23.1935,116.6142,49.89,78,100,10.87,overcast clouds
347,French Harbor,HN,16.35,-86.4333,82.4,89,75,11.5,broken clouds
348,Waingapu,ID,-9.6567,120.2641,77.5,83,35,7.99,scattered clouds
349,Hawalli,KW,29.2833,47.9972,64.56,49,0,1.01,clear sky
350,Ergani,TR,38.2653,39.7621,35.15,90,77,5.37,broken clouds
351,Khasan,RU,42.4308,130.6434,11.37,58,3,22.62,clear sky
352,Samoded,RU,63.6083,40.5111,-3.32,99,62,4.45,broken clouds
353,Shingu,JP,33.7333,135.9833,39.9,66,36,15.68,scattered clouds
354,Betare Oya,CM,5.6,14.0833,71.26,23,91,3.4,overcast clouds
355,Shimoda,JP,34.6667,138.95,37.11,64,11,28.61,few clouds
356,Sao Fidelis,BR,-21.6461,-41.7469,75.83,97,100,4.27,overcast clouds
357,Viedma,AR,-40.8135,-62.9967,66.38,70,100,19.06,overcast clouds
358,Lusambo,CD,-4.9667,23.45,68.34,93,100,1.9,overcast clouds
359,Adre,TD,13.4667,22.2,62.2,18,1,20.33,clear sky
360,Jertih,MY,5.7336,102.4897,80.47,93,100,4.88,overcast clouds
361,Queimadas,BR,-10.9783,-39.6264,81.14,59,95,13.94,overcast clouds
362,Milkovo,RU,54.7167,158.6167,12.58,96,100,4.05,light snow
363,La Ligua,CL,-32.4524,-71.2311,69.58,52,0,7.23,clear sky
364,Ossora,RU,59.2353,163.0719,6.3,84,100,5.55,overcast clouds
365,Kankipadu,IN,16.45,80.7833,67.05,95,38,2.71,scattered clouds
366,Placerville,US,38.7296,-120.7986,62.51,34,0,4.61,clear sky
367,Marienburg,PL,54.0359,19.0266,43.12,89,100,15.66,overcast clouds
368,Kurchum,KZ,48.5722,83.6542,-13.11,92,15,1.77,few clouds
369,Chai Nat,TH,15.1167,100.1,80.06,65,93,4.52,overcast clouds
370,Mubi,NG,10.2676,13.2644,66.11,22,60,4.74,broken clouds
371,Drovyanaya,RU,51.5833,113.0333,-2.69,100,77,2.28,broken clouds
372,El Alto,PE,-4.2714,-81.2147,74.86,69,26,17.09,scattered clouds
373,Illapel,CL,-31.6308,-71.1653,75.87,42,0,7.76,clear sky
374,Tateyama,JP,34.9833,139.8667,44.53,49,40,20.71,scattered clouds
375,Merke,KZ,42.8728,73.1786,31.05,46,0,7.16,clear sky
376,San Quintin,MX,30.4833,-115.95,62.01,39,1,10.56,clear sky
377,Gushikawa,JP,26.3544,127.8686,58.23,66,100,13.8,overcast clouds
378,Yining,CN,29.0361,114.5636,34.56,92,5,1.07,clear sky
379,Tezu,IN,27.9167,96.1667,57.52,75,100,1.19,overcast clouds
380,Atbasar,KZ,51.8,68.3333,9.64,81,100,6.67,overcast clouds
381,Molepolole,BW,-24.4066,25.4951,73.54,78,88,10.27,light rain
382,Oyama,JP,36.3,139.8,39.58,35,2,6.38,clear sky
383,Grants,US,35.1473,-107.8514,32.23,40,0,11.5,clear sky
384,Maceio,BR,-9.6658,-35.7353,78.24,78,20,5.75,few clouds
385,Dwarka,IN,22.2394,68.9678,69.08,58,1,6.26,clear sky
386,Sainte-Maxime,FR,43.3,6.6333,54.68,62,26,7.0,scattered clouds
387,Mukhen,RU,48.1,136.1,-3.3,98,100,2.24,overcast clouds
388,Nouadhibou,MR,20.931,-17.0347,69.78,52,1,11.5,clear sky
389,Awbari,LY,26.5921,12.7805,51.03,42,0,6.33,clear sky
390,Anadyr,RU,64.75,177.4833,12.7,44,1,22.37,clear sky
391,Leningradskiy,RU,69.3833,178.4167,-14.21,89,45,9.48,scattered clouds
392,Camacha,PT,33.0833,-16.3333,59.54,94,20,3.44,few clouds
393,Cali,CO,3.4372,-76.5225,78.8,57,40,13.8,scattered clouds
394,Mount Pleasant,US,32.7941,-79.8626,68.14,95,100,1.99,heavy intensity rain
395,Ust-Tsilma,RU,65.441,52.1498,-13.43,100,100,2.57,overcast clouds
396,Kalianget,ID,-7.05,113.9333,77.76,87,72,7.18,broken clouds
397,Tela,HN,15.7833,-87.45,88.02,84,40,6.91,scattered clouds
398,Andilamena,MG,-17.0167,48.5833,66.83,97,100,5.93,light rain
399,Mayumba,GA,-3.432,10.6554,76.71,82,73,0.65,broken clouds
400,Jaumave,MX,23.4167,-99.3833,40.95,42,32,6.69,scattered clouds
401,Umm Lajj,SA,25.0213,37.2685,61.75,48,5,9.91,clear sky
402,Rio Grande,BR,-32.035,-52.0986,76.95,84,35,5.28,scattered clouds
403,Chegdomyn,RU,51.1167,133.0167,-11.47,99,100,0.69,overcast clouds
404,East Moline,US,41.5009,-90.4443,21.42,68,100,18.41,overcast clouds
405,Mahebourg,MU,-20.4081,57.7,79.25,89,75,16.11,broken clouds
406,Chapais,CA,49.7834,-74.8492,-6.02,92,97,3.49,overcast clouds
407,Yumen,CN,40.2833,97.2,15.15,38,100,13.0,overcast clouds
408,Beloha,MG,-25.1667,45.05,74.91,86,49,17.4,scattered clouds
409,Lisala,CD,2.15,21.5167,73.89,39,100,2.15,overcast clouds
410,Calabozo,VE,8.9242,-67.4293,91.15,35,87,3.38,overcast clouds
411,Toora-Khem,RU,52.4675,96.11,-22.68,100,94,1.54,overcast clouds
412,Coos Bay,US,43.3665,-124.2179,52.14,93,100,5.75,overcast clouds
413,Angoche,MZ,-16.2325,39.9086,77.83,83,93,3.96,overcast clouds
414,Ayan,RU,56.45,138.1667,-3.01,72,100,14.41,overcast clouds
415,San Pedro,PH,14.35,121.0167,76.35,77,75,2.3,broken clouds
416,Muscat,OM,23.6139,58.5922,64.42,52,12,2.33,few clouds
417,Zhenlai,CN,45.8495,123.2973,-7.76,83,11,5.59,few clouds
418,Cayenne,GF,4.9333,-52.3333,79.09,88,75,4.0,broken clouds
419,Najran,SA,17.4924,44.1277,66.85,67,6,8.03,clear sky
420,College,US,64.8569,-147.8028,5.58,61,75,0.0,broken clouds
421,Natal,BR,-5.795,-35.2094,82.62,78,20,13.8,few clouds
422,Lindsay,US,36.203,-119.0882,68.0,31,0,3.51,clear sky
423,Cajuru,BR,-21.2753,-47.3042,81.57,89,100,0.94,overcast clouds
424,Marystown,CA,47.1666,-55.1483,36.86,100,100,5.99,overcast clouds
425,Maarianhamina,AX,60.0973,19.9348,37.26,93,100,11.5,moderate rain
426,Geraldton,AU,-28.7667,114.6,72.01,33,0,10.36,clear sky
427,Victor Harbor,AU,-35.5667,138.6167,71.69,71,88,9.51,overcast clouds
428,Olinda,BR,-8.0089,-34.8553,82.13,69,40,8.05,scattered clouds
429,Hofn,IS,64.2539,-15.2082,26.62,59,0,13.8,clear sky
430,Xichang,CN,27.8964,102.2634,38.84,85,9,1.59,clear sky
431,Sitka,US,57.0531,-135.33,42.69,87,100,6.91,mist
432,Estelle,US,29.8458,-90.1067,39.99,83,100,12.66,mist
433,Sabak,MY,3.7675,100.9875,73.45,94,9,2.55,clear sky
434,Merrill,US,45.1805,-89.6835,11.17,74,100,0.0,overcast clouds
435,Gizo,SB,-8.103,156.8419,83.03,79,91,10.56,moderate rain
436,Tazmalt,DZ,36.3868,4.3989,56.3,39,100,3.36,overcast clouds
437,Comarapa,BO,-17.9,-64.4833,63.55,83,41,6.33,scattered clouds
438,Develi,TR,38.3906,35.4922,25.95,96,76,5.37,broken clouds
439,Sibul,PH,15.169,121.0616,76.66,81,59,7.85,broken clouds
440,Santa Isabel Do Rio Negro,BR,-0.4139,-65.0192,77.11,89,71,3.36,broken clouds
441,Andenes,NO,69.3143,16.1194,22.98,74,75,11.5,broken clouds
442,Lebedyn,UA,50.5852,34.4849,20.41,95,100,5.17,overcast clouds
443,Vao,NC,-22.6667,167.4833,80.29,87,100,19.01,moderate rain
444,Shu,KZ,43.5983,73.7614,30.18,62,0,5.66,clear sky
445,Hendaye,FR,43.3717,-1.7738,53.26,87,100,4.61,overcast clouds
446,Itarema,BR,-2.9248,-39.9167,80.08,77,91,12.44,overcast clouds
447,Buraydah,SA,26.326,43.975,59.45,29,0,10.16,clear sky
448,Mareeba,AU,-17.0,145.4333,75.43,95,100,1.66,overcast clouds
449,Plettenberg Bay,ZA,-34.0527,23.3716,65.28,72,100,7.7,overcast clouds
450,Beringovskiy,RU,63.05,179.3167,-10.34,88,93,11.9,overcast clouds
451,Lagos,NG,6.5833,3.75,82.72,84,0,3.74,clear sky
452,Fort Morgan,US,40.2503,-103.8,37.81,59,0,0.0,clear sky
453,Cozumel,MX,20.5083,-86.9458,84.27,78,40,3.0,scattered clouds
454,Ilheus,BR,-14.7889,-39.0494,82.22,78,40,12.66,scattered clouds
455,Acoyapa,NI,11.9703,-85.1711,87.89,36,4,17.83,clear sky
456,Thinadhoo,MV,0.5333,72.9333,81.45,73,100,9.42,overcast clouds
457,Halifax,CA,44.6453,-63.5724,33.22,97,100,3.0,snow
458,Coihaique,CL,-45.5752,-72.0662,75.15,35,20,5.75,few clouds
459,Hirara,JP,24.8,125.2833,61.07,63,75,17.27,broken clouds
460,Basco,PH,20.4487,121.9702,72.25,76,95,29.95,overcast clouds
461,Powell,US,40.1578,-83.0752,23.18,84,100,1.01,overcast clouds
462,Taiping,MY,4.85,100.7333,73.6,96,84,3.67,broken clouds
463,Milledgeville,US,33.0801,-83.2321,58.77,92,100,8.84,overcast clouds
464,Sola,VU,-13.8833,167.55,81.52,77,100,24.87,light rain
465,Kulhudhuffushi,MV,6.6221,73.07,81.01,63,46,8.48,scattered clouds
466,Garissa,KE,-0.4536,39.6401,80.6,63,92,10.31,overcast clouds
467,Port-Gentil,GA,-0.7193,8.7815,80.02,78,74,7.61,broken clouds
468,Katsuura,JP,35.1333,140.3,44.62,57,39,18.3,scattered clouds
469,Rawson,AR,-43.3002,-65.1023,61.36,66,78,24.16,broken clouds
470,Longyearbyen,SJ,78.2186,15.6401,19.24,63,40,16.11,scattered clouds
471,Never,FR,46.9896,3.159,40.8,83,100,7.63,overcast clouds
472,Zhengjiatun,CN,43.5064,123.5064,-3.84,87,1,6.91,clear sky
473,Nishihara,JP,26.1842,127.7558,58.28,67,100,11.5,overcast clouds
474,Kapuskasing,CA,49.4169,-82.4331,1.4,39,75,1.14,broken clouds
475,Awjilah,LY,29.1081,21.2869,52.5,66,0,8.1,clear sky
476,Callaway,US,30.153,-85.5699,53.53,96,75,1.99,moderate rain
477,Ransang,PH,8.9603,117.5828,77.49,84,69,6.85,broken clouds
478,Thunder Bay,CA,48.4001,-89.3168,14.29,50,75,8.05,broken clouds
479,Chalus,IR,36.655,51.4204,51.26,76,75,0.0,broken clouds
480,Panalingaan,PH,8.7842,117.4231,76.87,84,85,4.88,overcast clouds
481,Nicoya,CR,10.1483,-85.452,90.95,41,33,13.8,scattered clouds
482,Woonsocket,US,42.0029,-71.5148,31.14,94,100,14.97,snow
483,Chumikan,RU,54.7183,135.315,-4.2,77,100,14.05,overcast clouds
484,Wellington,NZ,-41.2866,174.7756,61.77,95,75,5.99,light rain
485,Moba,CN,33.2288,105.0179,26.02,95,100,0.22,light snow
486,Hailun,CN,47.45,126.9333,-13.52,100,97,1.32,overcast clouds
487,Vestmannaeyjar,IS,63.4427,-20.2734,32.85,63,100,19.71,overcast clouds
488,Kisangani,CD,0.5167,25.2,73.58,77,100,3.47,overcast clouds
489,Kingaroy,AU,-26.5333,151.8333,66.24,59,0,19.57,clear sky
490,Dongkan,CN,33.9997,119.8308,25.48,48,0,4.92,clear sky
491,Yagodnoye,RU,62.55,149.6667,-27.33,93,94,4.79,overcast clouds
492,Zhangye,CN,38.9342,100.4517,17.44,36,100,2.06,overcast clouds
493,Kavaratti,IN,10.5669,72.642,78.12,60,98,6.11,overcast clouds
494,Oktyabrskiy,RU,54.4815,53.471,27.64,88,100,9.4,light snow
495,Khuzdar,PK,27.7384,66.6434,51.03,15,0,5.23,clear sky
496,Fort Nelson,CA,58.8053,-122.7002,-11.61,77,100,2.3,light snow
497,Plouzane,FR,48.3833,-4.6167,44.92,87,20,5.75,few clouds
498,Setermoen,NO,68.861,18.3486,15.76,87,90,9.33,overcast clouds
499,Ola,RU,59.5833,151.2833,-2.15,76,100,11.41,overcast clouds
500,Solwezi,ZM,-12.1688,26.3894,59.56,98,100,4.56,overcast clouds
501,Berdigestyakh,RU,62.0989,126.6992,-24.48,99,99,3.15,overcast clouds
502,Moen,NO,69.1304,18.6123,19.47,86,100,6.91,overcast clouds
503,Muzhi,RU,65.3667,64.6667,6.22,83,59,9.46,broken clouds
504,Makakilo City,US,21.3469,-158.0858,79.12,58,0,6.91,clear sky
505,Namatanai,PG,-3.6667,152.4333,83.8,70,86,8.59,overcast clouds
506,Los Llanos De Aridane,ES,28.6585,-17.9182,60.55,78,0,5.99,clear sky
507,Yinchuan,CN,38.4681,106.2731,18.23,33,98,8.7,overcast clouds
508,Honningsvag,NO,70.9821,25.9704,20.21,87,100,39.21,light snow
509,Sangar,RU,63.9242,127.4739,-33.83,100,100,1.48,overcast clouds
510,Vanderhoof,CA,54.0166,-124.0198,38.41,93,72,4.0,broken clouds
511,Mason City,US,43.1536,-93.201,5.09,74,75,20.71,haze
512,Lasa,IT,46.6166,10.7002,40.46,73,78,5.28,broken clouds
513,Pozo Colorado,PY,-23.4923,-58.7972,95.4,33,84,9.86,broken clouds
514,Lukh,RU,57.0124,42.2584,5.79,98,81,8.57,broken clouds
515,Bhatapara,IN,21.7333,81.9333,55.45,33,2,5.23,clear sky
516,Humberto De Campos,BR,-2.5983,-43.4611,75.85,92,97,6.26,moderate rain
517,Koygorodok,RU,60.445,50.9968,4.46,98,100,3.47,overcast clouds
518,Baltay,RU,52.4652,46.6308,24.78,96,100,5.53,overcast clouds
519,Varhaug,NO,58.6147,5.6457,37.89,67,100,25.05,snow
520,Moche,PE,-8.1711,-79.0092,71.78,78,20,11.5,few clouds
521,Deputatskiy,RU,69.3,139.9,-30.24,100,70,2.44,broken clouds
522,Port Hardy,CA,50.6996,-127.4199,46.58,87,100,4.61,light rain
523,Bay City,US,43.5945,-83.8889,19.96,67,100,1.99,overcast clouds
524,Weatherford,US,32.7593,-97.7972,33.46,57,3,5.01,clear sky
525,Gunnedah,AU,-30.9833,150.25,69.42,45,15,16.42,few clouds
526,Zenzeli,RU,45.9241,47.0474,35.6,88,100,14.81,light rain
527,Tyukhtet,RU,56.5389,89.3011,20.43,81,100,12.91,overcast clouds
528,Riyadh,SA,24.6877,46.7219,66.34,55,42,13.02,scattered clouds
529,The Pas,CA,53.8251,-101.2541,-12.98,64,40,5.75,scattered clouds
530,Aswan,EG,24.0934,32.907,52.9,46,0,5.75,clear sky
531,Neiafu,TO,-18.65,-173.9833,79.97,82,100,19.71,moderate rain
532,Krivosheino,RU,57.3431,83.9261,18.32,83,100,11.74,overcast clouds
533,Bac Lieu,VN,9.285,105.7244,78.1,73,44,21.12,scattered clouds
534,Lalibela,ET,12.0333,39.0333,58.17,26,40,6.44,scattered clouds
535,Navolato,MX,24.7672,-107.6944,80.64,29,0,13.98,clear sky
536,Zeya,RU,53.75,127.2667,-3.17,86,100,3.69,overcast clouds
537,Ishigaki,JP,24.3448,124.1572,60.93,72,75,16.11,broken clouds
538,Zhigansk,RU,66.7697,123.3711,-29.88,99,99,5.14,overcast clouds
539,Balarampur,IN,23.1167,86.2167,55.51,85,1,5.48,clear sky
540,Moyo,UG,3.6609,31.7247,76.64,29,100,2.64,overcast clouds
541,Sisimiut,GL,66.9395,-53.6735,5.22,85,100,26.55,overcast clouds
542,Uruzgan,AF,32.8333,66.0,33.01,41,0,8.39,clear sky
543,Moncton,CA,46.1159,-64.8019,23.59,90,100,17.27,snow
544,Batemans Bay,AU,-35.7167,150.1833,66.99,80,89,10.4,overcast clouds
545,Cukai,MY,4.25,103.4167,80.55,92,78,7.07,broken clouds
546,Fort Frances,CA,48.5999,-93.4003,5.22,60,0,6.91,clear sky
547,Havelock,US,34.8791,-76.9013,73.63,92,75,11.99,broken clouds
548,Vladeni,RO,47.7167,26.5167,38.95,70,0,6.91,clear sky
549,Solnechnyy,RU,50.7214,136.6319,2.03,97,100,0.89,overcast clouds
550,Portland,US,45.5234,-122.6762,50.74,86,100,3.0,overcast clouds
551,Hammerfest,NO,70.6634,23.6821,16.25,79,100,20.71,overcast clouds
552,Anloga,GH,5.7947,0.8973,82.62,80,10,7.63,clear sky
553,Pochutla,MX,15.7432,-96.4661,87.82,56,15,8.41,few clouds
554,Saint-Francois,FR,46.4154,3.9054,45.84,93,75,3.44,broken clouds
555,Morro Bay,US,35.3658,-120.8499,71.58,44,0,5.01,clear sky
556,Axim,GH,4.8699,-2.2405,79.29,84,20,4.92,few clouds
557,Ekhabi,RU,53.5102,142.9671,1.58,93,100,21.12,overcast clouds
558,Nivala,FI,63.9167,24.9667,22.68,93,100,15.03,light snow
559,Micheweni,TZ,-4.9667,39.8333,79.21,83,72,6.42,broken clouds
560,Evensk,RU,61.95,159.2333,15.12,44,0,19.26,clear sky
561,Nacimiento,CL,-37.5,-72.6667,81.37,40,75,8.3,broken clouds
562,Lakeland,US,28.0395,-81.9498,84.0,66,40,5.01,scattered clouds
563,Bardiyah,LY,31.7561,25.0865,52.02,70,6,12.08,clear sky
564,Avanigadda,IN,16.0215,80.9181,67.87,95,26,3.02,scattered clouds
565,Bodden Town,KY,19.2833,-81.25,80.01,81,75,1.01,broken clouds
566,Pitangui,BR,-19.6828,-44.8903,70.93,91,92,1.05,overcast clouds
567,Suluq,LY,31.6682,20.2521,50.79,73,0,4.54,clear sky
568,Norfolk,US,42.1668,-71.2495,31.62,94,100,6.91,mist
569,Phalodi,IN,27.1333,72.3667,58.96,17,0,7.94,clear sky
570,Yanam,IN,16.7333,82.2167,67.17,97,31,2.48,scattered clouds
571,Bang Saphan,TH,11.2126,99.5117,74.01,88,25,1.97,scattered clouds
572,Veraval,IN,20.9,70.3667,63.95,62,5,3.27,clear sky
573,Show Low,US,34.2542,-110.0298,40.6,29,0,12.66,clear sky
574,Alta,NO,69.9689,23.2717,15.19,79,75,5.99,broken clouds
575,Curup,ID,-3.4667,102.5333,66.96,99,100,1.07,overcast clouds
576,Santa Cruz,BO,-17.8,-63.1667,82.45,74,75,13.8,broken clouds
577,Bayonet Point,US,28.3267,-82.6834,80.83,85,5,10.58,clear sky
578,Abalak,RU,58.1286,68.5944,19.06,95,100,5.12,overcast clouds
579,Port Hedland,AU,-20.3167,118.5667,84.25,84,100,3.44,overcast clouds
580,Rogozno,PL,52.7523,16.9905,44.29,77,100,19.98,overcast clouds
581,Cabra,ES,37.4725,-4.4421,55.4,55,100,3.15,overcast clouds
582,Puerto Varas,CL,-41.3195,-72.9854,69.85,63,20,14.97,few clouds
583,Methoni,GR,36.8197,21.7049,47.21,68,1,8.41,clear sky
584,Galesong,ID,-5.3166,119.3661,73.42,82,93,7.81,overcast clouds
585,Lake Havasu City,US,34.4839,-114.3224,63.21,13,0,7.0,clear sky
586,Vila Do Maio,CV,15.1333,-23.2167,72.39,83,0,12.66,clear sky
587,Fuling,CN,29.7022,107.3919,44.58,76,97,2.82,overcast clouds
588,Zabol,AF,32.25,67.25,32.92,52,0,6.53,clear sky
589,Zhuanghe,CN,39.7008,122.9911,12.6,66,0,8.86,clear sky
590,Valdivia,CL,-39.8142,-73.2459,71.69,55,31,3.89,scattered clouds
591,Mattru,SL,7.6244,-11.8332,73.06,92,25,2.55,scattered clouds
592,Coyah,GN,9.75,-13.4167,79.75,82,0,3.31,clear sky
593,Tshane,BW,-24.0196,21.8684,74.01,59,73,7.61,broken clouds
594,Sorland,NO,67.667,12.6934,31.87,71,70,27.09,broken clouds
595,Umm Kaddadah,SD,13.6017,26.6876,61.11,20,5,17.94,clear sky
596,Samana,DO,19.2056,-69.3369,78.76,85,32,9.93,scattered clouds
597,Luanda,AO,-8.8368,13.2343,77.0,78,20,6.91,few clouds
598,Matata,NZ,-37.8833,176.75,78.15,76,58,9.44,broken clouds
599,Lahaina,US,20.8783,-156.6825,85.24,71,0,4.03,clear sky
600,Naze,JP,28.3667,129.4833,52.72,60,80,17.27,broken clouds
601,Bideford,GB,51.0179,-4.2046,45.32,66,47,15.39,scattered clouds
602,Dasoguz,TM,41.8363,59.9666,40.95,70,100,13.8,overcast clouds
603,Xiongzhou,CN,25.1167,114.3,41.68,84,64,2.51,broken clouds
604,Ambunti,PG,-4.2365,142.8448,81.07,75,93,2.44,overcast clouds
605,Carballo,ES,43.213,-8.691,50.9,92,97,7.9,overcast clouds
606,Khandyga,RU,62.6667,135.6,-41.93,100,59,1.9,broken clouds
607,Hamilton,US,39.1834,-84.5333,25.12,84,100,1.01,overcast clouds
608,Selikhino,RU,50.3672,137.4996,-1.98,97,100,5.19,overcast clouds
609,Emerald,AU,-23.5333,148.1667,75.34,60,0,16.11,clear sky
610,Verkhovazhye,RU,60.7472,42.0465,-11.15,100,100,0.47,overcast clouds
611,Dingle,PH,10.9995,122.6711,74.34,90,97,10.78,overcast clouds
612,Ketchikan,US,55.3422,-131.6461,43.27,87,75,6.91,moderate rain
613,Huaidian,CN,33.4333,115.0333,29.16,65,1,6.08,clear sky
614,Palora,EC,-1.7,-77.9333,73.51,90,71,1.39,light rain
615,Alekseyevka,RU,50.6309,38.6903,6.93,97,67,6.24,broken clouds
616,Noumea,NC,-22.2763,166.4572,87.78,72,100,3.04,overcast clouds
617,Mage,BR,-22.6528,-43.0406,84.42,95,81,0.83,broken clouds
618,Mae Sai,TH,20.4335,99.8762,63.72,87,3,1.7,clear sky
619,Birao,CF,10.2849,22.7882,75.83,14,29,13.6,scattered clouds
620,Znamenskoye,RU,57.1281,73.8282,21.61,86,100,8.1,overcast clouds
621,Qaqortoq,GL,60.7167,-46.0333,5.5,68,14,19.35,few clouds
622,Vrangel,RU,42.7297,133.0839,9.32,62,12,16.98,few clouds
623,Eydhafushi,MV,5.1033,73.0708,80.74,73,5,12.33,clear sky
624,Soyo,AO,-6.1349,12.3689,77.92,78,70,6.6,broken clouds
625,Novobiryusinskiy,RU,56.9578,97.7076,13.3,89,100,6.06,overcast clouds
626,Mae Chan,TH,20.1467,99.8526,64.06,81,4,0.98,clear sky
627,Haverfordwest,GB,51.8017,-4.9691,42.39,78,25,3.0,scattered clouds
628,Cam Ranh,VN,11.9214,109.1591,73.36,88,40,13.8,scattered clouds
629,Yubileynyy,RU,58.781,57.7778,18.0,95,100,9.04,light snow
630,Pangody,RU,65.85,74.4859,11.89,96,100,5.44,light snow
631,Bandarbeyla,SO,9.4942,50.8122,73.24,72,1,8.16,clear sky
632,Sembe,CG,1.6481,14.5806,72.14,51,99,2.42,overcast clouds
633,Hovd,MN,48.0056,91.6419,-11.24,78,8,3.69,clear sky
634,Pitimbu,BR,-7.4706,-34.8086,81.19,68,26,12.12,scattered clouds
635,Haines Junction,CA,60.7522,-137.5108,6.75,61,100,1.14,overcast clouds
636,Hinatuan,PH,8.3722,126.3342,76.41,90,98,6.17,overcast clouds
637,Kerur,IN,16.0167,75.5667,64.29,54,61,4.27,broken clouds
638,Ajdabiya,LY,30.7554,20.2263,52.39,73,0,3.85,clear sky
639,Tinskoy,RU,56.1525,96.9161,13.89,82,100,6.69,overcast clouds
640,Yazykovo,RU,55.2199,56.1353,25.34,91,100,3.22,light snow
641,Padang,ID,-0.9492,100.3543,73.45,91,100,3.2,overcast clouds
642,Terpinnya,UA,46.9697,35.4197,25.43,81,58,8.3,broken clouds
643,Kushmurun,KZ,52.4503,64.6311,19.87,77,100,10.54,overcast clouds
644,Skelleftea,SE,64.7507,20.9528,33.01,69,100,1.99,overcast clouds
645,Muroto,JP,33.2833,134.15,35.64,56,53,22.32,broken clouds
646,Dunedin,NZ,-45.8742,170.5036,58.8,58,100,5.99,overcast clouds
647,Caramay,PH,10.1815,119.236,77.16,89,98,14.58,overcast clouds
648,Oudtshoorn,ZA,-33.5907,22.2014,61.16,72,67,4.74,broken clouds
649,Bucerias,MX,20.75,-105.3333,76.98,65,75,10.36,broken clouds
650,Aksu,CN,41.1231,80.2644,26.76,60,96,6.06,overcast clouds
651,Tucuma,BR,-0.1833,-50.05,75.4,92,100,5.48,overcast clouds
652,Igarka,RU,67.4667,86.5833,4.8,96,100,9.17,overcast clouds
653,Albanel,CA,48.8832,-72.4487,-2.06,55,94,5.75,overcast clouds
654,Bichena,ET,10.45,38.2,56.98,49,36,1.52,scattered clouds
655,San Luis,AR,-33.295,-66.3356,83.89,34,40,4.61,scattered clouds
656,Fez,MA,34.0372,-4.9998,50.25,57,0,8.05,clear sky
657,Magan,ES,39.9683,-3.931,55.29,57,100,6.46,overcast clouds
658,Krasnyy Yar,RU,46.5331,48.3456,33.73,97,100,12.17,overcast clouds
659,Auki,SB,-8.7676,160.7034,81.82,84,100,8.23,overcast clouds
660,Ust-Nera,RU,64.5667,143.2,-20.96,74,85,0.65,overcast clouds
661,Svetlaya,RU,46.5389,138.3297,4.75,74,62,9.66,broken clouds
662,Kitaibaraki,JP,36.7833,140.75,30.15,72,1,8.84,clear sky
663,Fare,PF,-16.7,-151.0167,80.62,75,55,14.27,broken clouds
664,Verkhnevilyuysk,RU,63.4453,120.3167,-22.34,99,63,1.25,broken clouds
665,Shimoga,IN,13.9167,75.5667,60.3,89,33,1.79,scattered clouds
666,Kununurra,AU,-15.7667,128.7333,78.78,94,75,2.3,broken clouds
667,Antalaha,MG,-14.9003,50.2788,75.96,82,100,5.41,light rain
668,Pando,UY,-34.7167,-55.95,75.6,73,75,8.05,broken clouds
669,Kumluca,TR,36.3703,30.2869,45.68,50,63,8.21,broken clouds
670,Pithora,IN,21.2667,82.5167,55.04,34,3,0.78,clear sky
671,Verkhoyansk,RU,67.5447,133.385,-40.61,100,60,1.01,broken clouds
672,Sakaiminato,JP,35.55,133.2333,33.78,75,75,16.11,broken clouds
673,Clifton,US,40.8584,-74.1638,35.85,92,100,1.99,mist
674,Half Moon Bay,US,37.4636,-122.4286,68.45,44,0,3.44,clear sky
675,Hastings,GB,50.8552,0.5729,41.9,79,73,18.5,broken clouds
676,New Panay,PH,6.7586,124.5892,74.44,91,100,2.26,overcast clouds
677,Gimli,CA,50.6336,-96.9907,-8.57,70,88,4.61,overcast clouds
678,Mpulungu,ZM,-8.7623,31.1141,69.01,87,100,2.19,overcast clouds
679,Dustlik,UZ,40.5247,68.0358,42.22,30,66,20.8,broken clouds
680,Carutapera,BR,-1.195,-46.02,76.21,93,99,6.4,overcast clouds
681,Jinchang,CN,38.4953,102.1739,16.97,38,100,5.28,overcast clouds
682,Henties Bay,NA,-22.116,14.2845,65.86,82,94,4.54,overcast clouds
683,Phu Ly,VN,20.5411,105.9139,55.67,75,100,3.49,overcast clouds
684,Kokopo,PG,-4.352,152.2633,82.13,66,74,7.65,broken clouds
685,Namuac,PH,18.6109,121.1657,73.13,84,98,15.88,overcast clouds
686,Cedar Lake,US,41.3648,-87.4411,22.77,81,100,7.0,overcast clouds
687,Kuala Pilah,MY,2.7389,102.2487,74.35,99,95,3.58,overcast clouds
688,Port Macquarie,AU,-31.4333,152.9167,67.96,64,85,16.89,overcast clouds
689,Zhumadian,CN,32.9794,114.0294,29.46,55,0,4.27,clear sky
690,Luoyang,CN,34.6836,112.4536,30.45,55,33,3.4,scattered clouds
691,Effingham,US,32.3669,-81.3332,68.18,96,100,10.83,overcast clouds
692,Phan Thiet,VN,10.9333,108.1,71.33,77,100,7.99,overcast clouds
693,Shirokiy,RU,49.758,129.523,-28.16,100,48,3.67,scattered clouds
694,Hobyo,SO,5.3505,48.5268,75.69,71,15,15.32,few clouds
695,Clonakilty,IE,51.6231,-8.8706,39.09,74,8,8.79,clear sky
696,Bowen,AU,-20.0167,148.2333,79.02,71,100,18.77,overcast clouds
697,Pipri,IN,19.8,75.5333,59.72,30,59,4.34,broken clouds
